,EventDate,PreVolatility,PostVolatility
0,2020-07-20,,0.013709950337074303
1,2020-07-20,,0.013709950337074303
2,2020-07-20,,0.013709950337074303
3,2020-07-20,,0.013709950337074303
4,2020-07-20,,0.013709950337074303
5,2020-07-20,,0.013709950337074303
6,2020-07-20,,0.013709950337074303
7,2020-07-20,,0.013709950337074303
8,2020-09-01,0.013334356626357744,0.018189599162708063
9,2021-02-01,0.02011535882456617,0.016779854413766823
10,2021-03-01,0.0204123613877575,0.01684680470222389
11,2021-04-30,0.013449008535303052,0.014176173338504025
12,2021-08-02,0.011754894457080492,0.008591618929449436
13,2021-09-01,0.009029815261575083,0.014381762391274922
